city,year,weekofyear,ndvi_ne,ndvi_nw,ndvi_se,ndvi_sw,reanalysis_air_temp_k,reanalysis_dew_point_temp_k,reanalysis_relative_humidity_percent,reanalysis_sat_precip_amt_mm,reanalysis_specific_humidity_g_per_kg,reanalysis_tdtr_k,station_avg_temp_c,station_diur_temp_rng_c,station_precip_mm,total_cases
iq,2000,26,0.1928857,0.1322571,0.3408857,0.2472,296.74,295.1842857,92.41857143,25.41,16.65142857,8.928571429,26.4,10.775,3,0
iq,2000,27,0.2168333,0.2761,0.2894571,0.2416571,296.6342857,295.3585714,93.58142857,60.61,16.86285714,10.31428571,26.9,11.56666667,55.6,0
iq,2000,28,0.1767571,0.1731286,0.2041143,0.1280143,296.4157143,295.6228571,95.84857143,55.52,17.12,7.385714286,26.8,11.46666667,38.1,0
iq,2000,29,0.2277286,0.1454286,0.2542,0.2003143,295.3571429,292.7971429,87.23428571,5.6,14.43142857,9.114285714,25.76666667,10.53333333,30,0
iq,2000,30,0.3286429,0.3221286,0.2543714,0.3610429,296.4328571,293.9571429,88.16142857,62.76,15.44428571,9.5,26.6,11.48,4,0
iq,2000,31,0.2055286,0.1907571,0.2316714,0.2553143,297.1914286,291.7257143,74.72857143,16.24,13.42142857,13.77142857,25.34,10.94,11.5,0
iq,2000,32,0.3124857,0.3299857,0.3805857,0.3872714,297.32,293.8214286,83.27571429,89.37,15.31142857,11.47142857,27.01666667,11.65,72.9,0
iq,2000,33,0.3841333,0.39224,0.34178,0.38275,297.6271429,293.9928571,82.49,42.08,15.46571429,13.7,26.58333333,10.31666667,50.1,0
iq,2000,34,0.4081571,0.3221571,0.4067143,0.3027143,298.2385714,292.9042857,74.74,49.22,14.44428571,13.77142857,26.9,13.4,89.2,0
iq,2000,35,0.3320429,0.3210571,0.3146143,0.3242571,299.2185714,293.4728571,74.15142857,53.65,15.05714286,12.45714286,27.11666667,12.26666667,78,0
iq,2000,36,0.2955857,0.2956833,0.3122143,0.2659286,300.8028571,290.6357143,57.78714286,23.12,12.65285714,14.9,28.36666667,12.9,56.9,1
iq,2000,37,0.2846571,0.3097571,0.3878833,0.3281571,299.8585714,293.64,71.66,34.62,15.22714286,13.85714286,27.425,12.775,18.9,0
iq,2000,38,0.3488143,0.2957167,0.4048429,0.2425714,297.4357143,292.7071429,77.48714286,97.55,14.33857143,11.31428571,27.53333333,12.56666667,104.2,0
iq,2000,39,0.1756857,0.09948333,0.2257143,0.1827857,299.3557143,293.2171429,71.46285714,95.89,14.79857143,14.94285714,27.15,12.175,57.9,0
iq,2000,40,0.33754,0.2769429,0.2775,0.25505,298.3728571,294.6642857,82.37142857,46.22,16.14857143,11.97142857,26.7,11.675,63,0
iq,2000,41,0.2235333,0.1339143,0.3498,0.1009167,298.4742857,294.5928571,81.52285714,31.1,16.07142857,13.48571429,27.65714286,11.3,3,1
iq,2000,42,0.2748,0.1870571,0.3739429,0.2794714,299.2114286,294.0071429,75.54,25.21,15.52857143,14.92857143,27.775,12.275,45.2,1
iq,2000,43,0.3673,0.30555,0.45538,0.3258,299.5414286,294.7085714,76.94142857,49.25,16.19571429,13.45714286,28,12.46666667,57.9,0
iq,2000,44,0.2951,0.21152,0.3044,0.2796167,299.44,295.2742857,79.42857143,67.64,16.86857143,13.32857143,27.6,12.33333333,7.1,0
iq,2000,45,0.2713667,0.1515667,0.34725,0.2318667,300.7485714,295.28,74.80285714,51.83,16.84714286,12.87142857,28.175,12.25,13.5,0
iq,2000,46,0.09993333,0.03586,0.1954857,0.06418333,301.6371429,294.2328571,67.18571429,39.25,15.88,13.37142857,29.025,13.1,0,0
iq,2000,47,0.1699833,0.2893,0.3009833,0.1709167,300.8728571,293.06,66.04285714,55.91,14.76857143,13.14285714,27.7,11.35,37.82664342,0
iq,2000,48,0.2519714,0.2538,0.3235143,0.3191,299.23,294.7171429,78.88571429,20.65,16.24428571,12.01428571,27.05,11.575,19,0
iq,2000,49,0.1658333,0.1824143,0.2545667,0.18625,300.2428571,293.3057143,68.55714286,24.53,14.9,15.45714286,28,12,0.8,0
iq,2000,50,0.3387857,0.3168286,0.3503429,0.2977,298.7571429,294.52,80.40857143,111.06,16.09857143,11.97142857,26.61666667,9.65,67.2,1
iq,2000,51,0.2650143,0.1690571,0.2348667,0.3022429,300.4114286,291.0928571,60.64142857,3.9,13.18857143,13,28.2,12.28333333,0,0
iq,2001,1,0.2547143,0.2285286,0.2505857,0.287,297.9585714,296.99,94.95571429,59.11,18.67285714,6.942857143,27.33333333,11,38.9,0
iq,2001,10,0.1820429,0.289,0.2068714,0.2063286,297.6185714,296.46,94.09285714,118.07,18.05571429,6.585714286,27.2,10.15,87.1,0
iq,2001,11,0.2053833,0.1769,0.2063571,0.2041286,296.79,295.5442857,94.09428571,74.34,17.06571429,8.285714286,27.05,12.1,39.9,0
iq,2001,12,0.1883429,0.1950333,0.1635429,0.2841429,298.7014286,295.1571429,82.80142857,90.35,16.75714286,10.61428571,27.43333333,11.43333333,70.8,0
iq,2001,13,0.16238,0.1508167,0.09465714,0.1322571,296.8528571,296.0785714,95.92428571,94.06,17.66857143,6.2,27.05,10.95,80,0
iq,2001,14,0.2678143,0.3126429,0.2615,0.2584,296.3057143,295.6957143,96.73714286,86.46,17.21,6.657142857,27.16,10.98,46.2,0
iq,2001,15,0.3827571,0.3709714,0.3438857,0.3762714,297.1757143,296.13,94.60285714,80.82,17.69571429,6.771428571,26.46,11.66,120.1,0
iq,2001,16,0.3125429,0.2822143,0.2621286,0.4074857,297.0628571,295.9857143,94.61571429,77.73,17.52,7.5,27.34,11.04,45.3,1
iq,2001,17,0.2456143,0.2148429,0.2733714,0.2288,297.9614286,295.4285714,88.14857143,78.01,16.96857143,10.24285714,27.63333333,10.93333333,14.9,0
iq,2001,18,0.2540143,0.179,0.3128286,0.2625571,297.2857143,295.74,92.19285714,94.77,17.30571429,7.414285714,27.625,11.325,51,0
iq,2001,19,0.2664571,0.1886,0.1962,0.2273286,297.1357143,296.3328571,95.82,45.56,17.89142857,7.085714286,26.6,8.8,66,0
iq,2001,2,0.3021333,0.2035167,0.2674333,0.274,298.0442857,294.3457143,82.34714286,69.85,15.85857143,11.08571429,27,11.225,59.9,0
iq,2001,20,0.3153429,0.31965,0.2627,0.3034857,297.2971429,296.99,98.34142857,74.08,18.64,5.642857143,27.54401262,8.367237813,0,0
iq,2001,21,0.2985857,0.3796667,0.1842429,0.2685286,296.9228571,295.8271429,94.71,70.81,17.36857143,8.542857143,27.43333333,11.93333333,64.1,1
iq,2001,22,0.2999429,0.3029429,0.3187143,0.3874429,296.8457143,295.18,91.46571429,90.07,16.69428571,8.8,27.25,12.65,32,1
iq,2001,23,0.3635667,0.1819143,0.2539714,0.2467286,296.6914286,294.46,89.48714286,126.46,15.96857143,9.728571429,26.86666667,10.73333333,17,0
iq,2001,24,0.3170833,0.2989667,0.2198714,0.2173429,295.4828571,294.3414286,94.01714286,47.13,15.78285714,7.271428571,26.88,10.68,37.1,0
iq,2001,25,0.1041,0.1082429,0.05965714,0.1137571,296,293.6471429,88.17142857,53.93,15.13428571,9.414285714,26.4,10.05,9.9,1
iq,2001,26,0.1923,0.2752857,0.3164571,0.3254143,294.8457143,290.5728571,79.32285714,1.22,12.46428571,12.34285714,24.44162427,11.14924539,31,0
iq,2001,27,0.2290833,0.1932667,0.2704571,0.2421857,295.7957143,292.7528571,84.85714286,52.1,14.29714286,8.557142857,26.5,11.36666667,70.1,0
iq,2001,28,0.3597167,0.3110571,0.2649857,0.4388429,295.8085714,293.4385714,88.32285714,39.09,14.92857143,9.7,27.35,10.95,22.3,0
iq,2001,29,0.3195,0.2050857,0.1947429,0.3616333,297.5557143,294.1157143,84.24571429,52.05,15.60571429,11.42857143,26.76666667,10.06666667,36.8,0
iq,2001,3,0.1747571,0.1033167,0.2582429,0.1767286,298.3685714,295.0614286,84.17571429,149.71,16.6,11.01428571,27.05,10.9,52,0
iq,2001,30,0.2911571,0.2526333,0.2182,0.3259857,296.8157143,294.9914286,90.81428571,54.52,16.50571429,10.27142857,27.36666667,11.4,25.2,0
iq,2001,31,0.2371167,0.1956167,0.1883143,0.1339,297.2914286,293.4528571,82.22571429,27.97,14.98571429,12.87142857,26.52,10.88,10.9,0
iq,2001,32,0.2007571,0.2377286,0.2236429,0.2043571,298.5371429,291.3871429,66.66428571,0,13.15857143,14.64285714,27.1,12.175,5.910030396,0
iq,2001,33,0.2821714,0.2735571,0.2658571,0.3664571,298.3957143,292.0242857,69.47571429,5.14,13.71571429,13.31428571,27.125,12.25,18,0
iq,2001,34,0.2407571,0.1931143,0.2063429,0.2469143,298.44,294.0171429,78.38857143,9.97,15.51142857,12.2,27.6,11.68,47.9,0
iq,2001,35,0.2280714,0.1999857,0.2331429,0.2646429,298.7514286,293.7257143,76.95571429,47.58,15.25142857,12.8,27.2,12.46666667,31,0
iq,2001,36,0.30695,0.2410286,0.1908714,0.3389429,298.6914286,294.9057143,81.98714286,44.45,16.43714286,13.44285714,27.375,12.15,35.1,0
iq,2001,37,0.3084571,0.2503143,0.2983,0.4290714,298.6657143,294.1228571,78.95714286,36.2,15.65857143,13.78571429,27.375,11.525,41.9,0
iq,2001,38,0.3533143,0.3439714,0.3586714,0.3530429,297.9628571,294.5971429,84.03285714,66.4,16.10428571,10.92857143,27.525,12.75,69,0
iq,2001,39,0.3346714,0.3886143,0.2854,0.3197714,298.7071429,294.2957143,79.36571429,26.48,15.89428571,14.04285714,27.25,11.925,13.2,0
iq,2001,4,0.2376,0.1912667,0.1258571,0.2314429,295.7228571,294.5942857,94.05714286,50.02,16.07142857,5.628571429,25.71666667,9.433333333,166.9,0
iq,2001,40,0.3343857,0.2712857,0.2416857,0.4444,299.5471429,294.7685714,78.33,63.42,16.34,14.12857143,28.3,13.34,14.2,0
iq,2001,41,0.4202857,0.3819571,0.4438,0.5460167,299.1585714,293.8128571,74.41857143,58.75,15.32714286,11.34285714,28.525,12.475,30.9,0
iq,2001,42,0.3102,0.2971286,0.3454857,0.3820571,300.3085714,294.2142857,72.16285714,77.89,15.87285714,12.88571429,27.63333333,12.53333333,159,0
iq,2001,43,0.1244833,0.2392667,0.1845,0.2055714,298.5842857,296.6071429,90.26571429,77.15,18.26714286,9.857142857,28.06666667,11.96666667,89.1,0
iq,2001,44,0.2108857,0.2075667,0.2066143,0.232,298.3414286,295.3057143,85.57285714,83.53,16.95857143,11.27142857,27.64,10.38,76,0
iq,2001,45,0.3581429,0.2793429,0.3059714,0.3714,298.5142857,296.1957143,89.00428571,34.54,17.82142857,10.1,27.525,11.025,35.1,0
iq,2001,46,0.2773286,0.2303,0.2773,0.2969714,298.8471429,296.1985714,87.48142857,61.82,17.8,9.7,28.44,10.18,43.9,0
iq,2001,47,0.3297,0.3304167,0.3406429,0.4415714,299.12,296.7528571,88.83714286,65.89,18.45142857,9.228571429,27.575,11.575,31,1
iq,2001,48,0.3015,0.3613,0.3055714,0.3699167,298.5557143,295.8114286,87.37714286,47.46,17.42714286,8.014285714,28.23333333,11.66666667,12.2,1
iq,2001,49,0.3250571,0.2264714,0.2992571,0.3504714,298.7542857,295.9814286,87.24,46.86,17.59571429,8.871428571,28.425,11.65,23.1,1
iq,2001,5,0.3415,0.2606667,0.3293857,0.3690714,295.2971429,294.4114286,95.40714286,87.18,15.86,5.142857143,26.43333333,9.666666667,147.8,0
iq,2001,50,0.3260333,0.2355333,0.3155714,0.3066429,298.2457143,297.5,96.11857143,138.22,19.30571429,7.785714286,27.84,10.96,75,2
iq,2001,51,0.2229429,0.2240714,0.2128143,0.1841286,298.5642857,297.2114286,93.94714286,43.95,18.96571429,7.385714286,27.075,9.5,57.9,4
iq,2001,52,0.2981889,0.3380778,0.2887889,0.3417,298.2385714,297.5114286,96.35571429,100.72,19.30285714,6.5,27.35,8.65,25.1,1
iq,2001,6,0.2335857,0.161,0.1966143,0.2267,295.5114286,293.4085714,89.08,31.93,14.94714286,6.171428571,27.35,10.025,3.3,0
iq,2001,7,0.1554143,0.1350167,0.1485286,0.1571,295.37,294.4385714,94.88428571,66.84,15.93,6.042857143,26.3,8.95,83.1,0
iq,2001,8,0.1353714,0.0823,0.1297571,0.1840429,296.07,294.73,92.84285714,16.17,16.25142857,7.585714286,26.93333333,10,38.1,0
iq,2001,9,0.30764,0.2282167,0.2245,0.2912833,297.0385714,295.7671429,93.31428571,47.14,17.30857143,7.385714286,26.56,9.48,21.1,0
iq,2002,1,0.4057286,0.3484,0.3686429,0.3800143,297.1328571,296.06,94.58857143,70.16,17.61857143,5.942857143,27.95,9.45,45.3,4
iq,2002,10,0.3183667,0.2556,0.266,0.2973833,298.54,296.6985714,91.22142857,92.84,18.36142857,8.971428571,27.85,13.2,48.3,10
iq,2002,11,0.2483857,0.1795,0.2698143,0.2992333,298.3585714,296.2385714,89.77857143,41.96,17.79571429,9.414285714,26.95,10.45,9.1,7
iq,2002,12,0.2265857,0.2483333,0.2302,0.2435143,297.9514286,296.81,94.16571429,61.18,18.44285714,7.371428571,26.95,11.775,76.8,10
iq,2002,13,0.2127857,0.27455,0.1987,0.2284571,296.4071429,296.1085714,98.45714286,110.42,17.68,4.4,26.1,10.3,49,5
iq,2002,14,0.19708,0.2962286,0.1805,0.2763286,297.1742857,296.7414286,97.77571429,94.01,18.39571429,6.185714286,27.3,10.4,20.1,11
iq,2002,15,0.2698286,0.1968143,0.2025857,0.2662857,296.8628571,296.3514286,97.24428571,75.98,17.93,5.142857143,26.3,9.4,13,8
iq,2002,16,0.26935,0.2121571,0.1889286,0.1949429,297.7642857,296.31,92.61571429,109.49,17.93571429,6.728571429,27.2,13,33.90138392,18
iq,2002,17,0.2678429,0.2614143,0.2485,0.2669286,297.5842857,296.6314286,95.25142857,45.59,18.22285714,7.314285714,27.26666667,10.7,53.9,13
iq,2002,18,0.1703571,0.1418286,0.1977286,0.2570714,297.4085714,296.2228571,93.84571429,60.05,17.80714286,7.5,27.01746066,9.002488478,1,9
iq,2002,19,0.2272571,0.1782429,0.1773857,0.2101143,297.3557143,296.4442857,95.22,101.3,18.02428571,8.042857143,27.5,11.525,25.4,22
iq,2002,2,0.3275833,0.3759167,0.4102667,0.3833333,300.0128571,294.9128571,76.60285714,64.79,16.48285714,11.4,28.96666667,11.93333333,7.1,11
iq,2002,20,0.1338,0.1096333,0.2196143,0.1417,296.7842857,296.2214286,97.24285714,46.79,17.74428571,5.085714286,26.86666667,9.7,543.3,10
iq,2002,21,0.1921143,0.1776429,0.2308571,0.2222,297.05,296.0242857,94.80428571,51.25,17.58428571,8.5,27.7,12.15,9.1,5
iq,2002,22,0.1764571,0.1749143,0.1881571,0.2386286,297.5571429,296.2714286,93.78857143,41.54,17.82285714,7.657142857,26.325,9.775,146.7,13
iq,2002,23,0.3204714,0.2780857,0.2377286,0.3431857,296.2671429,295.2357143,94.34571429,72.76,16.77428571,8.742857143,27.3,11.63333333,28,2
iq,2002,24,0.3862667,0.2591333,0.3284143,0.3916286,297.2571429,296.1071429,94.14428571,69.62,17.63857143,8.971428571,27.8,11.5,1,11
iq,2002,25,0.2212714,0.1735143,0.2119714,0.2252143,296.8071429,293.8714286,85.73714286,39.16,15.41428571,10.71428571,26.23333333,8.733333333,31,11
iq,2002,26,0.1791714,0.2791,0.1326143,0.2132857,295.8085714,292.1471429,82.16714286,3.18,13.87,10.72857143,26.15,10.8,7.1,3
iq,2002,27,0.1015429,0.1266,0.1193571,0.07624286,294.6357143,291.7942857,85.56571429,3.27,13.45428571,8.7,26.275,9.5,5.1,7
iq,2002,28,0.21602,0.2350667,0.1511857,0.2129714,295.8828571,292.95,85.67285714,5.71,14.46428571,8.785714286,26.13333333,10.63333333,26.3,7
iq,2002,29,0.1080429,0.07298571,0.1112286,0.1179714,296.4428571,293.3271429,84.66857143,63,14.81857143,11.17142857,25.4,9,0,4
iq,2002,3,0.2410857,0.14565,0.2780286,0.1976429,299.8771429,294.6057143,75.20428571,22.77,16.15714286,12.12857143,28.8,12.76666667,5,16
iq,2002,30,0.2225,0.2631,0.2489857,0.3464714,296.8757143,293.4228571,83.49714286,65.55,14.93,11.97142857,27.8,11.6,68.1,5
iq,2002,31,0.3870143,0.2601714,0.3492714,0.2830571,297.1614286,294.6242857,87.03428571,89.93,16.07571429,10.6,26.7,11.14,35.6,6
iq,2002,32,0.3041167,0.2788429,0.3074571,0.3378429,296.7957143,292.6742857,80.47,14.34,14.24571429,13.45714286,27.25,12.8,0,7
iq,2002,33,0.3771571,0.3059,0.2884,0.3608429,298.3042857,291.6785714,69.06,9.81,13.44142857,14.38571429,27.83333333,12.23333333,7.1,7
iq,2002,34,0.345425,0.31354,0.29505,0.3092667,296.1842857,292.4514286,82.14142857,31.71,14.04571429,12.75714286,26.08712007,10.79811403,70.6,4
iq,2002,35,0.3045429,0.2694429,0.2508571,0.3224714,298.4128571,293.8742857,77.76571429,38.8,15.41285714,12.8,27.4,11.15,24.1,9
iq,2002,36,0.2290143,0.1319714,0.2494571,0.1908857,299.3957143,294.5314286,77.08285714,81.85,16.03428571,11.92857143,27.4,10.475,17,17
iq,2002,37,0.3075429,0.2941714,0.3234,0.1907714,299.0157143,293.2114286,73.14142857,25.36,14.74571429,14.04285714,28.23333333,13.23333333,89.9,8
iq,2002,38,0.3274143,0.3472571,0.3386714,0.3838714,300.32,292.2714286,64.68857143,11.49,13.97428571,16.02857143,28.9,12.7,0.8,22
iq,2002,39,0.2379833,0.3084286,0.2681143,0.3200429,299.2385714,294.4142857,79.56285714,38.56,16.18,13.17142857,27.9,12.2,86.9,18
iq,2002,4,0.1041286,0.1483286,0.1121857,0.1419143,298.9157143,295.11,81.52714286,121.07,16.67714286,10.21428571,27.94,11.8,18,23
iq,2002,40,0.2721143,0.1793667,0.3142429,0.2741714,299.6542857,293.8142857,74.25,70.98,15.63428571,13.75714286,29.2,14.13333333,74.2,21
iq,2002,41,0.37815,0.3857833,0.2314286,0.2459333,298.7171429,295.6614286,85.13714286,70.22,17.21142857,12.52857143,28.075,11.45,79.8,16
iq,2002,42,0.1992714,0.1592429,0.2581286,0.2277143,298.2971429,295.5857143,86.99857143,21.96,17.18571429,10.65714286,28,11.63333333,4.5,31
iq,2002,43,0.2278714,0.2144571,0.2997714,0.2229429,297.3314286,294.9614286,87.71714286,48.94,16.49,8.5,27.95,10.3,167.8,25
iq,2002,44,0.3290857,0.2862143,0.2940571,0.3159286,298.5185714,296.9,91.94428571,89.77,18.60285714,9.028571429,28.58772909,10.00598912,34.1,28
iq,2002,45,0.3071429,0.27695,0.2879286,0.3642857,297.5371429,296.6371429,95.28571429,95.47,18.26714286,6.514285714,28.3,11,63.9,26
iq,2002,46,0.2368333,0.2021571,0.2095143,0.1620286,297.1657143,296.3228571,96.04714286,91.36,17.90714286,5.471428571,27.6,10.7,212.6,18
iq,2002,47,0.2506143,0.2791333,0.2156333,0.2982667,297.3757143,296.7814286,96.84,61.69,18.41571429,7.4,27.35,8.9,77,27
iq,2002,48,0.3109286,0.2852286,0.2907286,0.2563286,298.35,297.0728571,93.39571429,60.15,18.78428571,10.38571429,28.1,10.55,17.2,11
iq,2002,49,0.3008,0.2528,0.3449571,0.3483286,298.3242857,296.4857143,90.66285714,49.69,18.10571429,8,28.5,9.75,46,38
iq,2002,5,0.267437823,0.267040017,0.295499148,0.315398713,296.8585714,296.1371429,96.26714286,59.4,17.69,5.228571429,26.3,9.7,120.2,12
iq,2002,50,0.2680286,0.1424286,0.2886714,0.1850714,297.8842857,296.39,92.61428571,35.02,18.00428571,7.928571429,27.65,9.45,57.2,29
iq,2002,51,0.2542286,0.1839143,0.2707143,0.2090286,297.8185714,296.6271429,93.84571429,25.73,18.26142857,6.857142857,27.98,8.72,24,21
iq,2002,52,0.1194,0.1364,0.1718286,0.1895857,297.8728571,296.63,93.40857143,151.73,18.23571429,8,27.975,10.65,137.9,11
iq,2002,6,0.1849167,0.1733286,0.1687429,0.1844286,295.9128571,295.2314286,96.64142857,4.68,16.72285714,5.185714286,26.625,9.725,70.4,14
iq,2002,7,0.2919714,0.2241429,0.3051,0.3732714,297.8471429,296.5442857,93.43857143,104.37,18.14714286,7.7,27.85,10.725,62.8,18
iq,2002,8,0.1288,0.1224333,0.09594286,0.1251714,297.6957143,296.1228571,92.05,37.46,17.68714286,7.728571429,27.02,9.78,14,8
iq,2002,9,0.1162,0.1787429,0.08991429,0.2104143,297.0628571,296.5142857,97.15714286,80.14,18.12571429,5.814285714,26.7,9.6,47.6,7
iq,2003,1,0.3234143,0.3004143,0.3291857,0.3184286,299.3757143,295.8714286,84.06,46.91,17.45285714,12.1,28.45,9.95,92.9,10
iq,2003,10,0.1695286,0.1389571,0.2340571,0.1851429,297.5085714,295.9428571,92.46857143,63.71,17.5,7.9,27.95,9.1,5,1
iq,2003,11,0.2,0.1902857,0.1589429,0.1636286,296.68,295.9414286,96.17142857,47.97,17.51571429,6.242857143,26.7,7.5,98.4,4
iq,2003,12,0.2142143,0.2251571,0.2191714,0.2485,297.8928571,296.6328571,93.62857143,109.04,18.25285714,8.342857143,27.6,9.9,61.9,2
iq,2003,13,0.1475286,0.2694571,0.1268571,0.2059143,298.6442857,296.8185714,91.59428571,93.61,18.48428571,9.471428571,30.8,15.8,75.9,4
iq,2003,14,0.2482,0.2627714,0.2065,0.2886857,298.0771429,296.6428571,93.01428571,89.38,18.27857143,9.342857143,28.26,9.96,75,0
iq,2003,15,0.2052429,0.1842,0.1931286,0.2087857,298.0828571,297.3585714,96.27,78.59,19.07857143,7.028571429,28.175,9.675,79,0
iq,2003,16,0.2668286,0.2182286,0.1998714,0.2621429,296.7471429,295.99,95.99285714,51.14,17.53428571,4.757142857,27.72,8.48,49,0
iq,2003,17,0.3234429,0.2531714,0.2852286,0.2931,297.9928571,296.5014286,92.54714286,77.34,18.15571429,8.385714286,28.2,10.45,82.9,0
iq,2003,18,0.4350571,0.3769143,0.2636143,0.3348429,296.6914286,296.16,97.27714286,65.43,17.68857143,5.085714286,27.2,8.333333333,105.9,1
iq,2003,19,0.1994286,0.1501,0.1834667,0.1477,296.4542857,295.7042857,96.14,138.05,17.22285714,7.157142857,28.35,9.316666667,69,1
iq,2003,2,0.4884,0.4024429,0.4149286,0.4697,297.6842857,295.9442857,91.56,11.77,17.49714286,8.428571429,28.93333333,10.2,35.1,5
iq,2003,20,0.2454286,0.1847,0.2614571,0.2688857,294.9228571,294.5671429,98.13285714,84.16,16.08571429,4.771428571,27,8.8,246.2,1
iq,2003,21,0.1892571,0.16695,0.1843,0.1707429,295.8785714,295.0357143,95.85428571,23.7,16.51571429,6.757142857,27.46666667,8.9,145.8,1
iq,2003,22,0.2411429,0.1987,0.2537286,0.2544571,297.6485714,296.08,92.46142857,166.52,17.61857143,9.314285714,27.7,8.72,187.9,1
iq,2003,23,0.2369571,0.1213143,0.1923143,0.2074,296.5914286,296.1271429,97.61714286,70.25,17.65142857,5.514285714,27.2,8.15,72.1,2
iq,2003,24,0.3135857,0.3539833,0.2658571,0.2809143,296.8371429,296.1171429,96.22285714,98.72,17.66857143,7.071428571,27.7,9.575,107,3
iq,2003,25,0.3237,0.2755,0.3547571,0.2723143,296.0085714,293.9785714,90.04857143,47.15,15.47714286,8.914285714,27.525,10.725,40.4,4
iq,2003,26,0.1882571,0.2322667,0.1737714,0.1928,295.3871429,294.5428571,95.57571429,88.88,15.98571429,6.542857143,26.95,9.45,93.5,6
iq,2003,27,0.2618143,0.1715857,0.3099429,0.2584286,295.1285714,294.0371429,94.12714286,61.09,15.51142857,6.5,25.86666667,7.5,79.3,2
iq,2003,28,0.1802714,0.1629714,0.1541286,0.1611,296.9428571,294.1542857,86.65571429,53.58,15.61857143,10.1,27.075,10.875,1.5,2
iq,2003,29,0.1935714,0.16885,0.1590857,0.2314714,296.79,293.6428571,85.61142857,65.2,15.29714286,12,27.66666667,10.83333333,23.8,5
iq,2003,3,0.303,0.1694667,0.2915429,0.3012857,296.92,295.9014286,94.37428571,60.46,17.43,7.742857143,28,9.5,164.4,6
iq,2003,30,0.2858143,0.1630714,0.2880286,0.2774571,296.4857143,291.85,77.80428571,2.64,13.55857143,11.42857143,26.46666667,10.36666667,9.9,1
iq,2003,31,0.2077857,0.1562143,0.1743286,0.2188143,296.8228571,293.1842857,82.27,24.64,14.68571429,10.31428571,27.225,9.9,69.1,1
iq,2003,32,0.2443714,0.1746429,0.2174143,0.2323,297.6585714,293.0457143,77.86142857,89.28,14.58428571,12.64285714,27.85,11.2,117,0
iq,2003,33,0.2471143,0.1711143,0.2337429,0.2638,297.3385714,294.1185714,83.92714286,52.47,15.58857143,10.65714286,27.4,10.05,79,0
iq,2003,34,0.4252429,0.3624833,0.3566143,0.3855286,297.3657143,293.5114286,81.94285714,45.38,15.01,10.05714286,27.75,11.9,18.3,0
iq,2003,35,0.2495857,0.2122,0.2508143,0.2652143,297.8757143,294.9328571,85.72571429,29.51,16.44571429,10.88571429,28,12.1,95.7,0
iq,2003,36,0.3417,0.2863143,0.2101857,0.2659857,297.3814286,290.97,70.92857143,8.84,12.94714286,12.77142857,26.65,11.9,0.8,2
iq,2003,37,0.2232286,0.2028714,0.1952571,0.2701857,298.8314286,293.9271429,76.53285714,36.42,15.44714286,12.67142857,27.83333333,12.3,53.1,0
iq,2003,38,0.3644857,0.2609857,0.3164571,0.3851571,296.9485714,293.6842857,85.03,55.73,15.31142857,10.75714286,27.8,11.6,92.3,3
iq,2003,39,0.4011857,0.3545167,0.3276714,0.3920429,298.1442857,295.7371429,88.11714286,100.55,17.26285714,9.471428571,28.03333333,10.63333333,27.2,0
iq,2003,4,0.2249571,0.2602714,0.2069286,0.2895,298.1257143,295.0014286,84.46,84.05,16.51428571,10.27142857,28.4,10.6,67.1,2
iq,2003,40,0.2535,0.2371143,0.2290286,0.2321714,299.3571429,295.8285714,83.68285714,74.6,17.45142857,11.6,28.575,12.175,34.5,0
iq,2003,41,0.1760286,0.1963833,0.2257571,0.2349286,297.9157143,296.3128571,92.16571429,38.3,17.91428571,11.2,27.2,9.35,138.2,0
iq,2003,42,0.2758286,0.2288429,0.2752,0.2871143,298.1628571,296.2014286,90.34285714,44.16,17.79714286,8.528571429,28.3,10.65,36,2
iq,2003,43,0.4750143,0.3795,0.4249429,0.4324429,298.9571429,296.2242857,87.37,39.52,17.89571429,9.957142857,27.975,10.475,32.1,2
iq,2003,44,0.1345143,0.1314714,0.1153571,0.1212714,300.0414286,295.2957143,77.78428571,32.47,16.87285714,12.08571429,28.73333333,11.13333333,56.4,3
iq,2003,45,0.3946571,0.3269571,0.3912143,0.4190429,298.1357143,295.74,88.48,105.14,17.39,9.428571429,27.6,9.566666667,139.7,3
iq,2003,46,0.3176857,0.3246,0.2498,0.3244714,298.3671429,295.6457143,86.75571429,31.08,17.29285714,10.62857143,28.5,10.85,79,3
iq,2003,47,0.2636429,0.2816571,0.2466667,0.3012571,298.6814286,296.7257143,90.88285714,123.63,18.37857143,9.042857143,27.9,10.55,284.4,1
iq,2003,48,0.2749,0.2452,0.3094571,0.2953286,299.2228571,296.53,86.99571429,81.27,18.27,9.071428571,28.3,10.23333333,26.2,2
iq,2003,49,0.4003429,0.3180571,0.3287714,0.3696429,298.3157143,296.1357143,89.20714286,72.23,17.74571429,9.7,28.76666667,10.16666667,138,3
iq,2003,5,0.1660286,0.1406286,0.1913857,0.1834429,299.4871429,294.0128571,74.88428571,35.05,15.59285714,11.77142857,28.6,12,7.9,1
iq,2003,50,0.3586286,0.24435,0.3519,0.3588,298.6857143,297.3385714,93.23142857,108.62,19.10714286,8.271428571,28.4,11.7,47.4,6
iq,2003,51,0.1926667,0.2244,0.1361143,0.1363143,298.1685714,296.8514286,93.91714286,64.95,18.53285714,8.342857143,28.3,10.45,66.8,5
iq,2003,52,0.2850778,0.2306556,0.2676444,0.2647778,296.2971429,295.6828571,96.93714286,49.42,17.17285714,4.185714286,27.3,9.6,185.7,1
iq,2003,6,0.19145,0.08642857,0.1368,0.1567143,297.2185714,296.2185714,94.55285714,56.36,17.85285714,7.457142857,26.6,7,41.9,2
iq,2003,7,0.3137143,0.2284143,0.2521143,0.2864714,296.5857143,295.52,94.35428571,70.63,17.01571429,6.028571429,26.75,8.35,55.9,2
iq,2003,8,0.1262571,0.1355143,0.1036571,0.1337143,298.5671429,296.3928571,89.97428571,25.03,18.02,10.88571429,28.1549269,8.507251934,121.9,3
iq,2003,9,0.2976,0.2366333,0.22915,0.2072833,299.35,296.41,86.01285714,132.2,18.04428571,9.114285714,29.4,11.2,0,5
iq,2004,1,0.2025714,0.1989667,0.2445571,0.1879571,297.8036701,296.0874781,91.30008287,69.65786318,17.49094657,7.236248704,26.9638807,9.768649808,98.67032549,4
iq,2004,10,0.2094714,0.2086571,0.1715,0.1935714,297.9814286,296.4557143,92.56142857,52.08,18.09428571,9.085714286,28.4,11.3,79,4
iq,2004,11,0.3076833,0.2140167,0.33865,0.3110429,296.7771429,296.0685714,96.28857143,80.33,17.61,5.242857143,28,11,24.1,1
iq,2004,12,0.3859857,0.4247833,0.3514143,0.3465286,297.8871429,296.6214286,93.62857143,137.83,18.24857143,9.785714286,28.3,9.5,187.2,2
iq,2004,13,0.3062833,0.19872,0.02988,0.29015,297.3128571,296.6071429,96.23857143,120.1,18.23714286,5.714285714,28.65,9.3,142.6,3
iq,2004,14,0.136,0.138,0.1862333,0.1294333,297.2028571,296.8157143,97.94142857,101.22,18.47,5.214285714,28.06666667,9.1,2,1
iq,2004,15,0.3592143,0.3348429,0.2791571,0.3612714,297.8128571,297.1757143,96.49857143,47.26,18.82571429,6.271428571,27.65,9.5,4,8
iq,2004,16,0.2441857,0.1958286,0.1747,0.1882286,298.2171429,296.6371429,92.32,61.8,18.30857143,8.985714286,28.03333333,10.36666667,36.9,4
iq,2004,17,0.3742857,0.3308,0.2340333,0.2549429,297.78,296.7714286,94.78857143,113.62,18.40857143,6,28,10.65,39.6,6
iq,2004,18,0.27884,0.1637667,0.1911833,0.3266286,297.1271429,296.7085714,97.80857143,65.82,18.34,5.028571429,27.53333333,8.666666667,148.5,7
iq,2004,19,0.1575667,0.1215429,0.1904143,0.1225333,297.7985714,296.8357143,95.11571429,83.93,18.51142857,8.714285714,27.23333333,9.933333333,97,5
iq,2004,2,0.24942,0.30885,0.2086286,0.2590143,297.4371429,296.6371429,95.79428571,78.53,18.25571429,6.2,27.43333333,8.666666667,137.2,5
iq,2004,20,0.1716667,0.1522333,0.1598333,0.1769,296.4142857,295.27,93.89714286,34.81,16.77857143,5.771428571,27.3,8.4,91.8,8
iq,2004,21,0.2254667,0.18515,0.1942,0.2483167,297.6028571,295.82,91.62714286,173.45,17.40142857,9.1,26.65,7.4,296.9,6
iq,2004,22,0.1903143,0.07784286,0.1931714,0.1023286,297.3057143,295.9585714,93.57571429,35.43,17.5,9.628571429,26.87917393,10.18172394,28.2,5
iq,2004,23,0.1073,0.1170667,0.1967857,0.1106143,296.7671429,295.6971429,94.69285714,88.62,17.21285714,8.185714286,27.5,9.5,203,6
iq,2004,24,0.2378429,0.2350833,0.1669571,0.2119714,295.5742857,294.99,96.87571429,85.28,16.42,5.042857143,26.8,8.566666667,87.9,6
iq,2004,25,0.3329571,0.191,0.2340429,0.3255143,296.2042857,294.7057143,92.37142857,94.52,16.13857143,7.785714286,25.9,8.4,43.2,13
iq,2004,26,0.2392333,0.1535429,0.1328286,0.1970429,295.6342857,293.86,90.44714286,32.95,15.31285714,8.4,25.075,9.075,98.5,2
iq,2004,27,0.2572143,0.3249286,0.1978,0.1967571,296.1514286,295.0414286,94.66857143,46.39,16.51428571,8.457142857,25.9,8.15,170.1,10
iq,2004,28,0.3175571,0.3013857,0.2793714,0.3355429,296.6171429,294.8142857,90.90571429,83.94,16.25285714,9.485714286,26.55,8.85,43.2,3
iq,2004,29,0.2328286,0.2737667,0.2338,0.1532429,297.5014286,294.3585714,85.15857143,48.09,15.86,11.21428571,26.8,11.7,31,12
iq,2004,3,0.32786,0.29844,0.30672,0.34024,297.7528571,297.02,96.12857143,63.47,18.71285714,6.828571429,28.7,9.9,68.1,8
iq,2004,30,0.2679429,0.2995,0.2177,0.2849857,296.8128571,294.9971429,90.92857143,53.78,16.48,10.2,26.3,8.8,103.1,7
iq,2004,31,0.2089,0.1555,0.2203,0.2542571,296.0171429,294.4714286,92.52714286,85.96,15.97571429,8.842857143,25.50553113,10.85163656,6,6
iq,2004,32,0.2489,0.2659571,0.2185286,0.2375571,297.5171429,293.1442857,79.71857143,29.82,14.69428571,12.15714286,26.83171763,12.57020581,55.1,5
iq,2004,33,0.1910714,0.227,0.1685286,0.2957,296.53,292.2228571,79.23571429,18.44,13.82428571,12.18571429,25.59522265,9.348686029,0.5,6
iq,2004,34,0.3931286,0.3286429,0.2767714,0.3885143,297.82,293.4214286,78.48142857,23.78,14.96142857,14.28571429,26.76399158,10.91615948,0.5,6
iq,2004,35,0.3113,0.2609286,0.2330143,0.2997857,298.1428571,294.5671429,83.17285714,42.86,16.07714286,12.52857143,27.19671375,11.40541911,0,6
iq,2004,36,0.3343571,0.3720286,0.3420143,0.2845857,297.7714286,294.9885714,86.54,147.32,16.48428571,11.12857143,27.1,9.8,195.1,8
iq,2004,37,0.1302667,0.15128,0.1108143,0.1174857,298.4571429,296.1157143,88.74285714,46.58,17.67,10.28571429,27.4,8.7,23.2,6
iq,2004,38,0.2680714,0.2102286,0.2273429,0.32515,297.7214286,295.88,91.2,36.64,17.44,8.928571429,27.16666667,9.5,87.3,9
iq,2004,39,0.3915333,0.3207286,0.1595857,0.3325286,298.6285714,294.3828571,79.55714286,48.68,15.90142857,13.2,28,13.5,20.1,12
iq,2004,4,0.3205857,0.3365286,0.2566,0.3441143,299.62,295.89,82.46714286,29.23,17.49142857,11.22857143,28.73333333,11.4,20.1,5
iq,2004,40,0.2754571,0.2193,0.2612571,0.3283857,299.17,296.1157143,84.80714286,85.69,17.71142857,11.65714286,28.65,13.1,40.1,19
iq,2004,41,0.2614714,0.1862429,0.3057286,0.2577429,297.5685714,295.3142857,88.82571429,52.27,16.82428571,8.828571429,26.975,10.875,27.9,8
iq,2004,42,0.3523286,0.2841714,0.3764143,0.3553429,298.0571429,296.8671429,94.16,65.25,18.54714286,8.357142857,28.55,11.3,120.6,16
iq,2004,43,0.2538429,0.1996667,0.3036857,0.2235571,299.4285714,296.2957143,85.06571429,35.61,17.90142857,13.15714286,27.7,9.55,13,21
iq,2004,44,0.2953286,0.2312286,0.2604,0.3197714,298.4414286,295.9071429,87.87,74.01,17.53714286,12.31428571,27.4,10,89.9,6
iq,2004,45,0.4148857,0.3245571,0.2727429,0.3656714,299.5042857,296.1785714,84.82714286,91.63,17.80571429,10.65714286,28.35,12.35,101.4,22
iq,2004,46,0.3466857,0.3154143,0.2708571,0.3742,297.1685714,296.4842857,96.35428571,74.68,18.12142857,5.928571429,27.2,8.9,184.2,37
iq,2004,47,0.2278714,0.1945,0.1909143,0.2095571,299.4185714,296.0971429,84.61142857,74.08,17.73857143,11.64285714,28.25,11,107.4,33
iq,2004,48,0.2153167,0.1672857,0.2026286,0.2191286,297.9585714,297.02,95.25142857,71.98,18.71428571,7.914285714,28,10.36,77,18
iq,2004,49,0.2019429,0.1593667,0.1590429,0.2410857,299.1771429,296.44,87.13,53.01,18.11,10.95714286,27.9,11,64,83
iq,2004,5,0.2330143,0.2351857,0.1964857,0.2055429,300.9,292.8328571,65.28428571,4.65,14.54857143,13.64285714,28.925,12.125,0,2
iq,2004,50,0.3234286,0.3095143,0.2758286,0.3359,297.7871429,296.5742857,93.93857143,70.04,18.20714286,6.5,27.04348722,9.84221778,9.9,116
iq,2004,51,0.2611429,0.2033143,0.2437429,0.2363571,298.7014286,296.3857143,88.78,49.56,18.04,10.21428571,28.375,9.65,128.3,32
iq,2004,52,0.3648625,0.3266,0.4031125,0.3162,298.4042857,297.1228571,93.25285714,109.83,18.85571429,8.228571429,27.8,8.5,100.8,7
iq,2004,6,0.1235429,0.0993,0.1128571,0.1172,299.9028571,293.9885714,72.92714286,13.2,15.56714286,14.08571429,29.2,13.525,24.1,3
iq,2004,7,0.2787429,0.2987571,0.3127143,0.3048286,298.27,295.64,86.76571429,24.83,17.17428571,8.5,27.925,9.5,13.4,3
iq,2004,8,0.2366286,0.1670429,0.1970286,0.2225143,298.0814286,295.6428571,87.71857143,39.06,17.20857143,9.728571429,26.6,8.1,8.6,1
iq,2004,9,0.3190571,0.3352333,0.2176286,0.3000286,297.8828571,296.3485714,93.01285714,125.04,17.95,7.814285714,27.46666667,10.13333333,18.9,6
iq,2005,1,0.3148429,0.1866286,0.3033,0.2704,298.1628571,296.7128571,93.00571429,70.6,18.37,9.757142857,28.5,9.1,74.9,10
iq,2005,10,0.1558429,0.1370833,0.2418714,0.1464286,297.9571429,297.5285714,97.68714286,155.54,19.27428571,4.828571429,26.8,6.7,8.6,14
iq,2005,11,0.2515167,0.1817667,0.1545286,0.2099571,297.3142857,295.85,92.26714286,162.51,17.39857143,7.814285714,28.7,9.85,146.1,7
iq,2005,12,0.2150714,0.2127,0.1209286,0.2354286,298.37,296.2514286,89.82,99.37,17.82,9.342857143,27.72,8.96,108.8,9
iq,2005,13,0.3816857,0.3683143,0.3837714,0.3666571,297.37,296.0885714,93.80142857,55.12,17.62428571,7.628571429,28.25,10.85,73.9,13
iq,2005,14,0.3091143,0.2173571,0.3001,0.2446571,297.7085714,296.2357143,92.41714286,87.41,17.89285714,8.457142857,28.1,10.85,71.1,16
iq,2005,15,0.1869333,0.1447571,0.1957429,0.1824286,297.7014286,297.2028571,97.32285714,40.03,18.88571429,6.414285714,27.65,9.35,3.6,7
iq,2005,16,0.2082833,0.1649167,0.2776667,0.1962667,297.4371429,296.9614286,97.38142857,37.6,18.59714286,5.357142857,28.85,10.05,105.6,9
iq,2005,17,0.2141,0.2315333,0.1616857,0.2017714,297.9271429,297.4028571,97.16285714,78.8,19.15285714,6.642857143,28.6,9.1,14.5,2
iq,2005,18,0.1465333,0.1345833,0.1343143,0.1880571,297.33,296.5757143,95.93714286,33.29,18.18142857,6.1,25.8,7.5,13,13
iq,2005,19,0.2484333,0.2341,0.2020667,0.1930667,298.6842857,296.3414286,88.29428571,49.07,17.94,9.271428571,27.9,11.6,28,8
iq,2005,2,0.3044143,0.3612571,0.3126,0.3156286,297.6628571,296.7271429,95.53,93.73,18.40857143,7.228571429,28.4,10.4,232.1,5
iq,2005,20,0.2700857,0.1737571,0.2104571,0.2297429,297.5328571,296.3528571,93.91857143,56.22,17.95714286,7.542857143,28.15388857,9.935207367,95.9,3
iq,2005,21,0.3118143,0.3585429,0.2806571,0.2474571,299.0057143,295.8042857,84.65857143,43.14,17.40714286,10.94285714,27.4,8.7,37.9,5
iq,2005,22,0.3782857,0.3693714,0.3631857,0.3612429,298.4342857,295.6785714,86.70142857,61.75,17.2,10.01428571,27.29458927,10.87773134,78.9,4
iq,2005,23,0.1395143,0.1401,0.14235,0.1185429,297.3042857,296.2271429,94.59285714,40.44,17.78857143,7.171428571,27.1,9.166666667,19.5,8
iq,2005,24,0.2890857,0.2256429,0.2247143,0.2651286,297.3771429,295.32,89.19428571,104.83,16.82428571,8.528571429,27.66666667,9.833333333,73.7,2
iq,2005,25,0.2915571,0.2460714,0.3518571,0.2604571,297.8571429,294.6442857,84.46714286,50.88,16.16857143,10.48571429,27.35,9.55,89.2,3
iq,2005,26,0.2747143,0.1780143,0.2843143,0.2271714,296.82,294.4085714,88.38714286,23.6,15.87714286,10.72857143,26.83333333,8.766666667,92,5
iq,2005,27,0.2008,0.2010667,0.1622667,0.2214,297.8657143,294.5285714,84.69285714,43.24,16.03857143,11.1,27.8,10.7,40.9,7
iq,2005,28,0.3869286,0.3350571,0.3298429,0.4413429,296.9885714,292.23,77.37285714,109.71,13.92857143,11.81428571,27.8,11.13333333,167.1,3
iq,2005,29,0.1680286,0.1343286,0.1865571,0.1472571,297.7942857,292.4557143,75.69714286,27.33,14.19142857,13.51428571,26.55,12.7,0,5
iq,2005,3,0.3459333,0.3118,0.291,0.3379714,300.0685714,296.58,83.3,60.52,18.25857143,11.35714286,28.86666667,11.16666667,194,8
iq,2005,30,0.3474857,0.2537,0.2769571,0.3653143,296.8985714,293.75,84.23857143,42.32,15.26,10.08571429,21.4,5.7,71.1,6
iq,2005,31,0.3286857,0.3132571,0.2262143,0.2740143,298.2214286,293.0357143,75.57142857,0,14.60857143,11.48571429,26.25,10.6,0,5
iq,2005,32,0.2826429,0.2270286,0.2825571,0.239,298.9257143,293.64,74.85571429,38.17,15.15,12.18571429,27.325,11.85,36.6,5
iq,2005,33,0.2669857,0.2939286,0.336,0.2924857,299.6057143,291.7785714,64.65857143,17.85,13.59,14.2,25.99658056,12.49938103,69.6,4
iq,2005,34,0.3288,0.2715571,0.2723,0.3005,298.4285714,294.9457143,83.85428571,69.62,16.44,10.81428571,27.75,13.1,127,0
iq,2005,35,0.4568333,0.3595833,0.35945,0.3801167,298.1842857,293.9185714,79.64714286,12.81,15.42857143,10.94285714,26.8,10.25,37,0
iq,2005,36,0.3354286,0.2007143,0.3228857,0.3091429,300.0585714,294.0057143,71.97142857,36.98,15.51857143,13.71428571,27.9791599,11.48649986,44,0
iq,2005,37,0.2394286,0.2148714,0.2390429,0.2276,298.88,295.6585714,83.73,18.66,17.22285714,9.928571429,28.54620629,10.25111039,1.3,0
iq,2005,38,0.1845667,0.1952571,0.1543857,0.2124833,298.4985714,293.5557143,76.59571429,2.56,15.06,11.78571429,25.76666667,12.23333333,38.1,0
iq,2005,39,0.4054167,0.4287714,0.3706,0.4210857,301.1757143,293.7528571,67.21285714,29.8,15.33142857,14.82857143,28.65,13.5,-10.32749143,2
iq,2005,4,0.3643667,0.2779143,0.2925571,0.2806857,299.6485714,296.9314286,87.31285714,25.67,18.64571429,9.985714286,28.86666667,12.06666667,0,7
iq,2005,40,0.3321571,0.3463667,0.2586143,0.3210429,299.11,293.8971429,74.95285714,54.7,15.43571429,12.35714286,28.8,14.9,80.8,4
iq,2005,41,0.3734286,0.2774833,0.3742286,0.3522714,299.5157143,294.3857143,75.50857143,60,15.91571429,11.68571429,28.5,11.8,233.2,4
iq,2005,42,0.3072571,0.2782143,0.3548286,0.2869571,299.5785714,295.7685714,81.69142857,73.97,17.41714286,12.24285714,29.1,12.7,64,3
iq,2005,43,0.3635571,0.3000429,0.2898286,0.3261429,298.0657143,295.8028571,89.14285714,100.06,17.36428571,8.642857143,28.3,10.95,235.2,3
iq,2005,44,0.1875714,0.2133714,0.1718571,0.1789571,299.4585714,296.8057143,87.23142857,59.15,18.55,10.78571429,28.23333333,10.3,102.1,5
iq,2005,45,0.3938,0.2986286,0.4019857,0.4103714,298.6,296.36,89.31,75.36,17.97428571,9.7,27.29062135,10.41637268,8.9,6
iq,2005,46,0.4424286,0.3481714,0.3430714,0.4731429,298.31,296.8957143,93.17714286,49.87,18.58285714,8.557142857,27.6,10.15,139.5,14
iq,2005,47,0.2825714,0.2206,0.2882143,0.2400857,299.4128571,297.3942857,90.34857143,72.34,19.19428571,8.914285714,28.5,11,5.1,3
iq,2005,48,0.3178143,0.3027,0.3369429,0.4171286,299.42,296.6128571,86.40857143,78.52,18.30428571,9.728571429,28.26666667,11.4,77.9,7
iq,2005,49,0.3585857,0.2194857,0.2579143,0.2992714,299.2171429,296.6571429,87.72142857,60.5,18.36428571,9.1,28.1,12.5,54.1,11
iq,2005,5,0.1582286,0.16725,0.1518143,0.1266,299.0614286,296.9071429,89.42714286,88.96,18.63571429,9.342857143,28.525,10.725,3.8,8
iq,2005,50,0.1984429,0.1941,0.1930143,0.247,298.5742857,297.1871429,92.95714286,46.91,18.94571429,8.2,28.1,11.55,6,2
iq,2005,51,0.180575,0.1413333,0.2552833,0.1383714,298.0214286,297.1914286,95.67428571,151,18.91571429,6.485714286,28.3,9.9,81.1,6
iq,2005,53,0.117359611,0.089927185,0.207170462,0.173713101,297.9674861,295.510479,87.07483065,157.72386,17.08248346,3.999885627,26.69322495,7.4617872,55.00497963,9
iq,2005,6,0.2151857,0.1728143,0.2623,0.2283571,296.7528571,295.9957143,95.97714286,52.61,17.57571429,5.185714286,27.46666667,8.733333333,70.4,11
iq,2005,7,0.1995,0.2024571,0.2189,0.1806857,298.0271429,297.2214286,95.74857143,125.35,18.94714286,6.985714286,27.5,9.5,350.9,6
iq,2005,8,0.2011,0.2081429,0.2812143,0.2109,298.2957143,296.5428571,91.57714286,46.98,18.20142857,7.857142857,28.65,10.9,84.1,7
iq,2005,9,0.2937167,0.2696167,0.2308,0.2771,298.1585714,297.0457143,94.40142857,54.22,18.73142857,8.014285714,28.26666667,9.2,19,7
iq,2006,1,0.1995143,0.2393429,0.2276571,0.2155,298.8328571,292.8785714,73.16142857,38.78,14.52428571,12.31428571,27.02621803,13.05578641,70.1,25
iq,2006,10,0.4246286,0.4113,0.3731857,0.3158571,297.9257143,297.2071429,96.36,94.99,18.90285714,6.414285714,28,9.55,93,8
iq,2006,11,0.1924286,0.1158857,0.1940571,0.1712714,297.9314286,296.5814286,93.34714286,121.69,18.2,7.014285714,27.975,9.2,16,9
iq,2006,12,0.2885667,0.17954,0.2972714,0.2236429,297.4942857,296.2957143,93.78714286,120.62,17.91142857,7.342857143,27.4,8.7,97,12
iq,2006,13,0.24505,0.18885,0.2235333,0.1816667,298.04,297.0671429,95.02428571,121.46,18.73428571,6.957142857,28.3,10,53.9,18
iq,2006,14,0.2416714,0.2054,0.1560143,0.2833143,297.7742857,296.0471429,91.81142857,41.68,17.61,9.571428571,27.93333333,10.26666667,178.1,9
iq,2006,15,0.3011286,0.2650571,0.2553143,0.2626857,297.8257143,296.9657143,95.51,75.33,18.71428571,7.428571429,28.3,10.3,49,9
iq,2006,16,0.3309,0.2654714,0.3195571,0.2849429,298.0614286,296.4571429,92.11142857,69.6,18.08285714,7.442857143,27.4,8.35,11.9,6
iq,2006,17,0.2055714,0.23605,0.1919143,0.1393714,296.85,295.0514286,90.86428571,74.93,16.55857143,7.757142857,27,8.466666667,34,6
iq,2006,18,0.1516,0.0846,0.1763143,0.1137286,297.63,296.3842857,93.63571429,65.07,17.96285714,8.414285714,27.85,9.1,115,8
iq,2006,19,0.2866571,0.1871571,0.2665143,0.2874571,296.1842857,295.4528571,96.09857143,127.24,16.97714286,6.628571429,24.3,5.2,270.9,5
iq,2006,2,0.2284,0.2020714,0.19475,0.23035,298.7285714,296.3714286,88.33571429,138.46,18.16571429,9.885714286,27.78,11,60.1,21
iq,2006,20,0.3392857,0.3482857,0.3158286,0.3745714,296.0542857,290.0885714,72.03428571,1.52,12.11142857,12.37142857,25.2,11.7,2,7
iq,2006,21,0.2065143,0.1171429,0.1692714,0.1700714,297.9928571,293.7771429,80.38571429,91.4,15.46,10.88571429,27.46666667,10.43333333,83,6
iq,2006,22,0.09837143,0.1010667,0.1863143,0.09775,295.9871429,294.5571429,92.50571429,79.48,16.02571429,6.885714286,25.6,8.933333333,150.2,5
iq,2006,23,0.3404429,0.1908571,0.3513429,0.2586143,297.0442857,295.6957143,93.47571429,130.66,17.19571429,8.9,26.2,8.6,105.2,3
iq,2006,24,0.1732714,0.185,0.1369286,0.1680429,297.4271429,294.75,87.21428571,84.99,16.25857143,10.07142857,28.1,12.7,79.5,1
iq,2006,25,0.22138,0.22336,0.3714167,0.22146,296.7242857,294.2757143,88.47142857,71.69,15.80142857,10.78571429,26.6,10.35,74.9,0
iq,2006,26,0.3118571,0.2039333,0.3360286,0.3046286,296.8514286,293.5171429,83.46714286,17.21,15.02,10.74285714,27.2,10.3,21.9,1
iq,2006,27,0.3201714,0.2081,0.2921143,0.2326857,296.4485714,294.5928571,90.43285714,20.72,16.00571429,7.971428571,26.7,9.4,110.6,2
iq,2006,28,0.3499857,0.2920429,0.2884571,0.2949167,297.6214286,292.8328571,77.27142857,1.17,14.41714286,11.42857143,26.25,10.4,0.5,3
iq,2006,29,0.3602857,0.341,0.3629571,0.3211286,297.3971429,294.2585714,85.14,54.72,15.78857143,11,27.4,12.125,47,2
iq,2006,3,0.1743,0.1336429,0.1117571,0.1944286,298.46,296.3214286,89.95571429,88.85,17.94142857,9.142857143,26.90837214,10.1301461,54.8,10
iq,2006,30,0.3186857,0.3523429,0.3766429,0.2859,297.5042857,293.26,79.74285714,28.66,14.88,11.71428571,26.6,11.04,11.4,2
iq,2006,31,0.2016857,0.1625571,0.2003286,0.2015571,297.51,295.2,88.70714286,44.96,16.70714286,11.22857143,27.225,11.625,4,2
iq,2006,32,0.4397857,0.3675857,0.3333143,0.3809857,297.5,293.08,79.24285714,11.79,14.63142857,12.22857143,27.6,12.2,26.6,2
iq,2006,33,0.2908,0.238675,0.2856571,0.3337,298.6485714,295.5457143,84.62,47.74,17.06571429,10.27142857,27.66666667,10.43333333,75.5,2
iq,2006,34,0.2736429,0.2089429,0.2408857,0.2427571,298.7357143,295.1442857,83.04714286,68.6,16.69142857,11.27142857,27.3,10.3,71.1,4
iq,2006,35,0.3097833,0.3501286,0.2846833,0.3948167,298.28,295.2728571,85.37285714,68,16.77714286,11.17142857,26.5,10.03333333,176,0
iq,2006,36,0.2277857,0.2833143,0.2443714,0.2834143,299.2657143,293.9028571,75.53,90.33,15.45714286,13.72857143,27.42,12,15.3,6
iq,2006,37,0.28004,0.2367167,0.2361833,0.25855,297.8028571,293.0371429,77.25428571,111.87,14.64285714,11.32857143,28.35,11.85,0.5,3
iq,2006,38,0.3807286,0.3783667,0.3023,0.3075714,299.34,294.35,77.51428571,82.2,15.91,13.74285714,27.93333333,10.93333333,93.9,2
iq,2006,39,0.4655,0.2415429,0.4734,0.4934429,299.3814286,295.7385714,82.84571429,134.64,17.25428571,11.28571429,28.56666667,12.4,63,6
iq,2006,4,0.1517667,0.1377,0.1478,0.1607833,297.1885714,295.7771429,93.11428571,49.32,17.36428571,6.214285714,27.3,8.95,250.9,28
iq,2006,40,0.35495,0.2479333,0.3508143,0.3139167,299.4657143,295.16,80.49,60.48,16.73857143,12.78571429,28.7,14.5,68.9,2
iq,2006,41,0.1556167,0.19152,0.2151857,0.1546143,299.3457143,296.7514286,86.85285714,41.69,18.44714286,12.05714286,28.06,10.1,162.6,7
iq,2006,42,0.3215,0.2769,0.2100857,0.3337571,299.6485714,297.7642857,90.37857143,103.77,19.59571429,8.571428571,28.6,10.1,8.1,4
iq,2006,43,0.4882286,0.3681429,0.4377429,0.3788286,298.7942857,296.6614286,89.7,55.94,18.31142857,9.342857143,27.56,10.42,143.3,6
iq,2006,44,0.3603286,0.2740143,0.3477143,0.3247857,300.4671429,296.8828571,82.93428571,67.5,18.63,11.61428571,28.83333333,11.26666667,14,6
iq,2006,45,0.2951286,0.2463857,0.3020714,0.277,299.4328571,297.8528571,92.08857143,80.25,19.73142857,8.2,28.25,9.55,108.7,2
iq,2006,46,0.3191429,0.1862857,0.2737,0.2470286,297.2957143,296.2014286,94.44,86.65,17.79142857,7.357142857,27.6,10.16666667,85.6,13
iq,2006,47,0.3405571,0.2662571,0.3427286,0.3283857,298.0985714,296.9614286,94.30285714,43.59,18.63857143,7.371428571,27,9,205.3,10
iq,2006,48,0.1504714,0.1515714,0.1926,0.1557286,299.1971429,296.9885714,89.55,75.33,18.74428571,10.75714286,27.9,9.033333333,115.1,5
iq,2006,49,0.4470833,0.3015143,0.3405714,0.4276,298.2028571,297.6085714,96.79571429,99.89,19.42571429,6.914285714,28.4,8.8,10.9,2
iq,2006,5,0.3791143,0.3053286,0.3459714,0.3715714,297.1657143,296.6471429,97.32,34.17,18.26428571,5.528571429,27.32643631,8.439053911,118.9,39
iq,2006,50,0.3785,0.3020333,0.3492286,0.4147857,298.1585714,297.3514286,95.87571429,157.75,19.11142857,6.4,27.8803262,9.446746303,86.76741178,0
iq,2006,51,0.32782,0.26192,0.3814667,0.35295,297.68,296.7257143,95.07857143,111.48,18.35857143,6.542857143,26.80482049,7.845741281,142.677579,1
iq,2006,52,0.3546,0.21995,0.3225167,0.2563333,298.1814286,296.9357143,93.82142857,114.58,18.58428571,7.385714286,27.45,9.7,273.5,8
iq,2006,6,0.2568143,0.13605,0.1978286,0.2583143,297.64,296.8085714,95.82714286,71.87,18.44285714,5.785714286,28,8.8,101.1,20
iq,2006,7,0.3827,0.2506,0.2436571,0.2856,297.0642857,295.3642857,91.09857143,44.35,16.92714286,7.285714286,28.6,8.9,0,24
iq,2006,8,0.2621143,0.1248,0.2153571,0.1447857,298.9385714,295.9614286,86.03142857,23.44,17.60571429,10.78571429,28.24,10.64,0.3,28
iq,2006,9,0.1786667,0.1959333,0.1412667,0.1282833,298.2528571,296.7642857,92.60571429,79.13,18.40142857,8.028571429,27.43333333,9.566666667,26.9,26
iq,2007,1,0.2201167,0.1589571,0.1905714,0.1324,297.2885714,296.5171429,95.92714286,79.94,18.14428571,7.414285714,26.6,7.95,133.4,0
iq,2007,10,0.216,0.2136,0.1889143,0.2275286,297.45,296.3171429,94.34857143,117.07,17.91142857,7.371428571,27.3,9.9,205.3,2
iq,2007,11,0.3033167,0.2850333,0.2571429,0.2926143,296.9514286,296.3014286,96.52285714,55.47,17.88142857,6.114285714,28,10.1,138,6
iq,2007,12,0.21324,0.2231286,0.2643714,0.2218286,297.6842857,295.89,90.85857143,150.33,17.47,8.171428571,27,10.65,252.7,7
iq,2007,13,0.2386714,0.2447429,0.2162286,0.2591857,297.8357143,296.56,93.58571429,93.14,18.21428571,8.242857143,28.25,9.6,66.1,6
iq,2007,14,0.2381,0.1912,0.2749571,0.2738,297.7171429,296.9214286,95.82,97.04,18.59428571,6.614285714,27.26666667,8.833333333,94.3,5
iq,2007,15,0.1525167,0.1494857,0.2294143,0.1575571,297.5557143,296.6885714,95.52714286,98.94,18.32857143,6.728571429,27.85,8.85,60.4,9
iq,2007,16,0.1430857,0.2071571,0.1684571,0.2743143,297.0314286,296.0142857,94.72142857,93.62,17.55142857,7.528571429,27.4,9.5,97.1,5
iq,2007,17,0.2713714,0.1836571,0.203,0.3006,297.3428571,296.5028571,95.52571429,157.86,18.10428571,7.3,27.03333333,7.766666667,261.7,8
iq,2007,18,0.1947143,0.1541,0.2957143,0.1730857,297.2257143,295.9428571,93.47,103.39,17.51714286,7.371428571,27.85,9.75,118.2,3
iq,2007,19,0.1582571,0.1622857,0.1830714,0.2322714,296.9057143,295.9942857,95.03714286,89.15,17.61142857,9.357142857,28.1,9.2,38.1,4
iq,2007,2,0.1732857,0.2069333,0.1343,0.2379571,297.1042857,296.3885714,96.23857143,37.06,17.96285714,6.728571429,26.825,7.725,61.5,14
iq,2007,20,0.1701857,0.1714,0.162,0.2290714,295.5957143,294.0128571,91.83285714,45.23,15.64857143,8.314285714,28.1,8.7,191.4,11
iq,2007,21,0.3646143,0.2568286,0.3299,0.3496857,297.2328571,296.1685714,94.85285714,64.11,17.71857143,8.957142857,28.25,10.55,86.6,5
iq,2007,22,0.09005714,0.08222857,0.1110571,0.06474286,296.1785714,294.0385714,89.28,76.68,15.74,10.2,24.7,10.63333333,61.8,8
iq,2007,23,0.2085,0.25695,0.2148833,0.2338571,296.8614286,295.23,91.72,39.11,16.72714286,9,26.5,9.7,0.5,4
iq,2007,24,0.3420714,0.2853,0.3405571,0.3012286,296.65,294.9285714,91.45857143,54.78,16.38857143,9.914285714,26.6,9.65,12.9,3
iq,2007,25,0.1667,0.1207857,0.1729714,0.1659,296.1185714,294.9714286,94.06571429,78.83,16.42285714,6.885714286,25.96666667,7.6,126,1
iq,2007,26,0.1534571,0.1744571,0.2022143,0.1292571,296.5714286,295.1785714,92.67142857,11.41,16.63142857,8.771428571,26.56666667,8.633333333,10.2,2
iq,2007,27,0.1814429,0.2692286,0.1934571,0.2099429,296.8285714,292.1771429,78.07428571,1.59,13.80428571,12.22857143,25.9,10.56666667,-11.89687025,3
iq,2007,28,0.3217667,0.2734,0.2545,0.3513,297.3857143,293.9314286,83.38714286,18.78,15.41571429,10.87142857,26.75,10.375,54.1,4
iq,2007,29,0.3075571,0.3397,0.3642429,0.3648429,296.0585714,294.9414286,94.24714286,26.29,16.39142857,7.728571429,26.53333333,7.833333333,22.9,1
iq,2007,3,0.2719,0.2938,0.2094143,0.2523,297.3871429,296.3885714,94.64714286,126.89,17.97571429,7.042857143,27.775,9.55,178,6
iq,2007,30,0.3589714,0.4017571,0.2960857,0.4225,297.64,294.3457143,84.15571429,27.91,15.84571429,12.35714286,27.35,10.1,11.9,8
iq,2007,31,0.4172286,0.3699286,0.3669714,0.4898714,296.7242857,293,82.57142857,70.88,14.71857143,11.5,24.25,9.75,55.9,5
iq,2007,32,0.2782429,0.2361286,0.2923,0.2669571,297.82,292.7085714,76.61857143,35.77,14.33714286,12.77142857,26.475,12,30.3,3
iq,2007,33,0.2666667,0.2719333,0.2438857,0.1964571,298.0914286,294.0728571,80.93571429,36.78,15.56571429,9.714285714,26.9,11,76.5,2
iq,2007,34,0.3393714,0.3569714,0.3291286,0.3687143,298.7857143,294.1957143,79.33428571,9.06,15.75714286,11.57142857,27.125,10.825,22.1,7
iq,2007,35,0.2787857,0.2463571,0.2349857,0.3737429,300.6671429,293.1242857,67.75714286,30.26,14.79428571,13.38571429,27.05,12.175,0,1
iq,2007,36,0.27955,0.2826857,0.3277143,0.3280571,297.0985714,295.6828571,92.65714286,76.28,17.18285714,7.885714286,26.3,7.9,37.1,6
iq,2007,37,0.2888167,0.2889571,0.2660714,0.3393,298.56,295.1628571,84.41285714,49.85,16.65,12.15714286,26.9,10.625,150.9,7
iq,2007,38,0.3156571,0.3545,0.3326429,0.4172,298.5085714,295.8342857,86.70714286,58.22,17.36714286,12.4,27.2,10.83333333,16.3,5
iq,2007,39,0.2309,0.2363429,0.2308857,0.3128,299.6985714,295.3,78.56428571,59.79,16.80428571,13.8,27.83333333,11.7,34,2
iq,2007,4,0.1936714,0.1394714,0.2619,0.3068571,297.6142857,297.0257143,96.99714286,95.47,18.68857143,5.528571429,27.7,9.12,149.9,10
iq,2007,40,0.3199714,0.2544167,0.3151,0.2934714,298.2814286,296.2871429,89.84428571,37.28,17.84,9.1,28.4,12.65,107.9,6
iq,2007,41,0.3851857,0.4050714,0.3106286,0.4381286,299.5757143,295.4471429,80.45,39.09,17.01,11.6,28.4,10.6,145.1,11
iq,2007,42,0.2251286,0.1505143,0.1959857,0.2383857,299.4442857,296.5871429,86.70571429,74.52,18.26571429,9.828571429,29,12.3,4.1,6
iq,2007,43,0.4034714,0.3202286,0.4087,0.4229,296.9714286,295.96,94.78142857,106.73,17.54285714,7.757142857,26.9,9.366666667,79.3,3
iq,2007,44,0.2657429,0.2856,0.2923143,0.2469143,297.83,296.9785714,95.59285714,51.28,18.67285714,9.357142857,27,9.366666667,0,11
iq,2007,45,0.3334571,0.3242571,0.2469,0.3311286,299.4785714,296.2485714,84.85,69.88,17.97857143,9.485714286,28.7,11.43333333,22.1,11
iq,2007,46,0.1784286,0.12875,0.2167714,0.1853,298.1342857,296.83,93.55428571,109.5,18.54857143,8.685714286,27.675,10.85,111.3,5
iq,2007,47,0.2284714,0.1886571,0.2345571,0.1996714,297.6814286,296.9385714,96.21428571,52.27,18.61285714,5.742857143,26.62,7.86,80,4
iq,2007,48,0.16564,0.1793,0.1276,0.1819143,297.88,297.2171429,96.52285714,129.33,18.92428571,6.942857143,27.125,8.35,293.1,9
iq,2007,49,0.2993714,0.3367143,0.2615857,0.3498429,298.52,296.9042857,91.65428571,73.16,18.60714286,8.3,27.9,10,142,23
iq,2007,5,0.1744143,0.1805,0.1590714,0.2003143,298.1442857,296.7742857,93.13571429,83.7,18.41428571,9,27.725,10.3,60.3,5
iq,2007,50,0.3138333,0.2335143,0.2426,0.2937429,299.0485714,296.2614286,86.75571429,83.39,17.91,9.914285714,28.85,10.25,23.1,28
iq,2007,51,0.2698,0.2756857,0.2755143,0.2367143,297.1414286,296.3971429,96.07428571,146.13,18.03428571,5.685714286,27.625,9,261.3,26
iq,2007,52,0.1992,0.1947667,0.1711111,0.2308222,297.64,296.3685714,93.46857143,53.57,17.98285714,7.428571429,27.7,8.75,28.1,7
iq,2007,6,0.3175,0.4014857,0.3285429,0.4429286,298.33,295.77,87.53,61.8,17.32285714,10.71428571,28.6,10.9,9.9,12
iq,2007,7,0.2858,0.2957,0.2570286,0.3195714,299.1714286,294.15,75.80428571,14.19,15.68571429,11.22857143,28.85,13.03333333,61.3,9
iq,2007,8,0.2570143,0.1182333,0.1790857,0.2372286,300.5657143,294.1657143,72.44571429,25.7,15.91857143,13.18571429,28.74,13.36,0,5
iq,2007,9,0.1735,0.1996333,0.1745,0.1659167,299.0585714,294.29,78.58571429,55.56,16.02,11.55714286,28.56,13.34,28,11
iq,2008,1,0.1914714,0.1554143,0.1760143,0.1872429,299.2771429,294.6685714,78.67,19.95,16.26,10.72857143,28.275,11.575,91.83836051,29
iq,2008,10,0.1697429,0.1386667,0.1700571,0.2008429,297.7542857,295.52,88.97285714,210.83,17.06428571,8.957142857,27.18,8.88,119.6,23
iq,2008,11,0.1292429,0.1729571,0.1260286,0.1506571,298.0171429,295.9,89.26857143,96.05,17.50571429,9.014285714,26.25,7.8,64.4,9
iq,2008,12,0.2383333,0.2327286,0.1239429,0.2000714,296.7557143,295.4757143,93.45142857,91.87,16.99714286,7.214285714,26.71924473,8.980790038,100.9,3
iq,2008,13,0.3366,0.3042143,0.3229,0.3773143,297.0942857,295.9485714,94.07428571,62.13,17.50714286,6.557142857,26.9,8.266666667,282.7,6
iq,2008,14,0.2700833,0.1902714,0.1906571,0.2151571,297.6942857,295.8542857,90.95714286,107,17.42142857,8.6,27.86666667,9,21.1,6
iq,2008,15,0.2843571,0.3536714,0.3217857,0.3028286,297.5371429,296.6328571,95.15714286,71.45,18.31571429,7.4,28.3,9,53.1,3
iq,2008,16,0.3026143,0.2446714,0.2963143,0.3287571,297.4471429,295.9357143,92.12428571,79.74,17.50428571,7.785714286,26.8,8.1,61,1
iq,2008,17,0.2706,0.3713143,0.3442286,0.2830714,296.76,296.3828571,97.97142857,42.05,17.96428571,4.885714286,26.65,7.7,85.9,3
iq,2008,18,0.06172857,0.1339,0.09471429,0.1178429,298.0728571,296.7414286,93.66285714,42.12,18.39857143,8.685714286,27.86666667,8,31.2,1
iq,2008,19,0.1361571,0.1631571,0.1391571,0.1345571,295.9757143,294.6657143,93.15857143,50.5,16.18,6.971428571,26.6,8.966666667,18,1
iq,2008,2,0.4449333,0.27585,0.3569,0.4697286,296.0957143,295.2,95.28,71.84,16.68142857,5.1,25.8,6.3,104.4,58
iq,2008,20,0.1963857,0.29632,0.2641571,0.2255857,294.85,293.2442857,91.50428571,30.08,14.78,7.385714286,26.16666667,7.9,6.1,0
iq,2008,21,0.2210167,0.2353167,0.1804429,0.1994714,296.2685714,295.6385714,96.62142857,45.69,17.14428571,5.957142857,26.35,8.85,58.2,2
iq,2008,22,0.12245,0.1571,0.086,0.1033143,296.7414286,295.9942857,96.02571429,72.04,17.52,5.757142857,27.2,9.2,76.1,1
iq,2008,23,0.1951857,0.1577143,0.1844286,0.1336143,296.4,295.21,93.98285714,30.09,16.71142857,6.771428571,26.9,7.55,13.6,1
iq,2008,24,0.2937429,0.2643667,0.2466286,0.2919571,296.1871429,293.8914286,88.81,13.27,15.37571429,9.3,25.85363319,11.33045267,6.4,0
iq,2008,25,0.2240286,0.1754714,0.2656571,0.2452143,296.7428571,295.9342857,95.86,111.18,17.44714286,6.957142857,26.65390825,8.714206861,79.8,0
iq,2008,26,0.1970429,0.2779833,0.2139429,0.2656143,296.4585714,295.1928571,93.79571429,89.88,16.71285714,7.385714286,24.99388458,9.432705447,93.5,1
iq,2008,27,0.3048286,0.2336714,0.2489143,0.2558143,296.5428571,293.83,86.52428571,0,15.28571429,9.442857143,26.12016557,8.341173193,1.3,0
iq,2008,28,0.15385,0.1495857,0.3294429,0.1328857,296.5457143,293.5942857,85.65571429,0,15.08,9.271428571,26.94145053,10.95440653,0,3
iq,2008,29,0.2323857,0.2139571,0.2203,0.1984286,296.0785714,294.6914286,93.05571429,62.84,16.14285714,8.442857143,26.8959524,9.231528168,44.2,3
iq,2008,3,0.1882286,0.2208286,0.2332429,0.1699714,298.0342857,297.09,94.96857143,95.97,18.86571429,8.585714286,27.43333333,9.466666667,125.3,26
iq,2008,30,0.3270167,0.2091167,0.2837667,0.30955,296.5457143,295.0028571,92.77714286,52.36,16.58285714,8.6,26.6,9.775,18.1,1
iq,2008,31,0.3548,0.34655,0.2674167,0.3921167,297.0442857,295.37,92.04857143,44.63,16.87285714,9.771428571,26.68,11.24,36.4,5
iq,2008,32,0.2002,0.2513857,0.2113429,0.1997286,297.31,295.5057143,91.09285714,32.45,17.05714286,9.742857143,27.4,12.1,18.1,2
iq,2008,33,0.4303714,0.4330143,0.4369143,0.4657286,297.2142857,295.3471429,90.72714286,26.03,16.84714286,9.342857143,27.9,11.225,11,5
iq,2008,34,0.2833,0.3044714,0.2744571,0.3805,299.2285714,294.4185714,78.27714286,12.88,15.99857143,13.55714286,28,14.075,7.9,5
iq,2008,35,0.3181857,0.3197667,0.3081714,0.3236,298.5742857,295.0928571,84.49142857,58.2,16.65285714,10.74285714,27.83333333,12.53333333,44,5
iq,2008,36,0.3398,0.3691,0.2888,0.3092333,298.5314286,294.8614286,83.05,34.59,16.46571429,10.65714286,27.35,13.225,8.1,9
iq,2008,37,0.2319,0.27625,0.2612,0.2327833,296.9214286,295.4842857,92.65285714,86.14,17.03,7.685714286,27.96666667,12.58333333,16.5,17
iq,2008,38,0.2168,0.2773333,0.2089333,0.3362667,297.5885714,295.3071429,88.52571429,65.43,16.81857143,8.571428571,27.8,11.6,50.1,19
iq,2008,39,0.41495,0.3634286,0.3224,0.4006857,297.66,295.49,90.18142857,61.38,17.04714286,8.157142857,27.75,12.45,26.9,25
iq,2008,4,0.2779714,0.3249286,0.2219143,0.2956714,297.2071429,296.25,95.12571429,102.59,17.84,5.971428571,26.37969674,8.839559927,46.3,38
iq,2008,40,0.3930857,0.3782714,0.3437,0.4048429,299.1785714,294.7614286,79.50285714,24.28,16.33142857,12.78571429,28.26054397,13.11482226,1,45
iq,2008,41,0.1605571,0.1638714,0.1949333,0.2061143,300.1014286,295.3614286,78.45428571,69.47,17.01857143,12.01428571,30.03333333,13.96666667,57.7,34
iq,2008,42,0.2882,0.2278571,0.2807571,0.3579714,298.35,295.9157143,88.85714286,69.39,17.52714286,9.971428571,26.45,9.1,24.9,63
iq,2008,43,0.3291571,0.2279,0.2733429,0.2568429,297.8671429,296.7014286,93.85428571,52.65,18.38857143,8.714285714,27.33333333,10.06666667,24.2,44
iq,2008,44,0.1617429,0.1962,0.1982714,0.2196143,298.3728571,296.8257143,92.60857143,43.6,18.48428571,8.571428571,27.4,11.35,0,50
iq,2008,45,0.5010286,0.445,0.4276857,0.5457286,298.4642857,297.4685714,95.29,57.85,19.25285714,7.085714286,27.82,12.1,109,35
iq,2008,46,0.3042857,0.2946429,0.3062714,0.4003857,298.4985714,296.01,88.32857143,60.36,17.62571429,10.01428571,28.3,12.86666667,42.6,16
iq,2008,47,0.1930571,0.1965286,0.1762571,0.1830571,298.89,297.7414286,94.14142857,59.44,19.61714286,7.814285714,27.96666667,12.1,10.6,16
iq,2008,48,0.2510143,0.2883143,0.2537,0.3213,298.53,297.5771429,95.26,81.11,19.38857143,7.1,26.1,8.35,59,13
iq,2008,49,0.1643667,0.19635,0.1731333,0.1549167,298.1114286,297.0442857,94.64,45.03,18.77857143,7.142857143,26.96,10.64,80,9
iq,2008,5,0.35195,0.3705714,0.3138,0.4029714,298.3985714,297.0114286,93,110,18.68571429,9.085714286,27.56666667,8.9,121.2,35
iq,2008,50,0.2894167,0.34778,0.2748286,0.2580857,298.6514286,296.1828571,88.55142857,64.03,17.78428571,9.2,27.8,11.175,17.2,15
iq,2008,51,0.1783857,0.2191714,0.2497286,0.1923,298.5285714,296.8471429,91.77714286,70.92,18.57285714,9.057142857,27.825,12.15,51,4
iq,2008,52,0.2634125,0.219875,0.2000875,0.226625,299.5571429,295.5942857,81.86857143,55.11,17.24857143,10.34285714,28.08,12.02,0.5,0
iq,2008,6,0.2256429,0.17075,0.1981,0.1860714,299.49,294.6285714,78.13142857,38.72,16.28428571,11.55714286,27.86666667,11.1,5.1,37
iq,2008,7,0.1739429,0.1989167,0.1684286,0.1734286,297.77,296.9228571,95.70714286,47.23,18.55714286,6.714285714,26.6,8.033333333,9.2,20
iq,2008,8,0.24095,0.2236,0.1620429,0.1874429,297.0957143,295.6085714,92.37,122.64,17.13,7.614285714,28,10.8,115.3,29
iq,2008,9,0.3493143,0.2227286,0.2677286,0.3878714,296.9642857,296.3814286,96.92714286,101.33,17.94714286,5.414285714,26.85,8.35,127.6,25
iq,2009,1,0.1512857,0.1616857,0.1532714,0.1194429,298.5007964,295.3543219,85.0533912,98.50304895,16.96731576,10.86868312,27.88771556,11.21437825,99.9788488,1
iq,2009,10,0.3620714,0.3367,0.3453,0.3792857,297.8442857,296.71,94.37857143,58.56,18.35428571,6.8,28.4,11.45,49.1,9
iq,2009,11,0.2034286,0.1784429,0.2259714,0.2018714,297.0585714,296.7157143,98.13428571,97.8,18.35285714,6.028571429,27.3,11.8,0,11
iq,2009,12,0.1578833,0.1921,0.2137286,0.2013857,297.3657143,296.5,95.70857143,106.68,18.10571429,6.185714286,27.8,10.5,14.3,9
iq,2009,13,0.2235857,0.2591333,0.2632857,0.3057857,297.1528571,296.1842857,94.90285714,100.78,17.78,6.357142857,28.5,11.5,45,5
iq,2009,14,0.08905714,0.05895,0.08927143,0.09934286,297.2457143,296.5457143,96.39571429,131.17,18.17571429,6.742857143,27.95,10.9,19,11
iq,2009,15,0.1468429,0.1416571,0.1411857,0.1487714,297.89,295.8042857,89.67285714,133.47,17.42,9.028571429,27.13333333,10.86666667,134.9,3
iq,2009,16,0.2236,0.1788286,0.175,0.2161429,296.6357143,296.1357143,97.3,99.77,17.70428571,6.385714286,26.9,10.83333333,87.3,5
iq,2009,17,0.1953429,0.2856714,0.1611857,0.2023857,297.5457143,296.8871429,96.66428571,52.74,18.50428571,4.985714286,26.8,8.7,41.2,5
iq,2009,18,0.2835857,0.3455143,0.2374429,0.3161286,297.4042857,296.4485714,95.07857143,99.89,18.01857143,6.271428571,27.15,10.75,30.8,4
iq,2009,19,0.1907571,0.2645571,0.2538857,0.2192,297.5628571,296.4842857,95.1,30.73,18.09,7.142857143,28.1,10.5,44,4
iq,2009,2,0.2299167,0.12234,0.2611667,0.22305,297.7257143,296.7842857,95.22285714,52.28,18.46142857,7.5,27.26666667,11.1,86.1,10
iq,2009,20,0.2077429,0.2278571,0.2542,0.2160429,297.6071429,296.2714286,93.29857143,38.51,17.85857143,9.071428571,28.075,11.425,11.2,1
iq,2009,21,0.3312143,0.2172,0.2093857,0.3445143,297.7242857,296.0128571,91.79,66.46,17.58571429,10.07142857,28.35,11.45,50.5,0
iq,2009,22,0.2383429,0.1973167,0.1655,0.1901429,296.7042857,296.2642857,97.74285714,40.04,17.83,5.614285714,27.6,10.26666667,19.3,2
iq,2009,23,0.114,0.09244286,0.09747143,0.1262857,296.1257143,295.2671429,95.50714286,42.22,16.75714286,6.071428571,28.1,11.8,12.70522111,3
iq,2009,24,0.1871286,0.1578,0.1434571,0.1994714,295.1042857,293.91,94.13,8.74,15.48285714,6.242857143,24.66666667,8.633333333,23.9,3
iq,2009,25,0.2916714,0.3070286,0.3562286,0.3891143,296.0314286,294.8628571,93.97142857,43.32,16.36285714,7.714285714,27.05,10.9,21,5
iq,2009,26,0.2708,0.2051833,0.2401286,0.2001571,297.2171429,296.11,94.55571429,141.65,17.66714286,8.642857143,27.375,11.125,40.6,2
iq,2009,27,0.1868571,0.1769143,0.2230714,0.2189857,296.4528571,295.3571429,94.53857143,68.15,16.87428571,8.642857143,27.45,10.7,14,1
iq,2009,28,0.3859143,0.2903833,0.3364286,0.2927857,296.0657143,295.1671429,95.38571429,91.4,16.68,8.128571429,27.6,10.76666667,2,2
iq,2009,29,0.21965,0.37805,0.2238714,0.2659,296.5271429,295.4114286,94.62428571,65.19,16.92,7.271428571,26.825,10.425,38.9,0
iq,2009,3,0.1884857,0.1881857,0.2039143,0.2775,296.6828571,296.4185714,98.61,72.03,17.99571429,3.714285714,27.18,10.24,72.8,11
iq,2009,30,0.2078833,0.28085,0.1756,0.2616,296.5257143,294.0528571,88.23,35.82,15.51,9.528571429,26.95,10.25,20.4,0
iq,2009,31,0.1543571,0.1152714,0.1534571,0.1559,297.0871429,295.0457143,89.97142857,51.77,16.60285714,9.757142857,27,11.5,32,3
iq,2009,32,0.395,0.3527333,0.4842857,0.4019143,297.37,294.8242857,87.81142857,9.79,16.33714286,11.75714286,27.975,12.1,78.39848306,5
iq,2009,33,0.3308857,0.4083,0.4433571,0.3347714,298.3571429,295.5071429,87.11,35.23,17.04,11.34285714,27.7,11.5,20.1,5
iq,2009,34,0.2206286,0.1943571,0.2785714,0.2604571,298.6771429,294.7085714,80.64,6.52,16.22857143,10.92857143,28.32,12.86,1,7
iq,2009,35,0.2453429,0.1859857,0.1813429,0.2820571,298.9971429,296.4442857,88.17714286,95.83,18.12285714,11.78571429,29,13,27.2,5
iq,2009,36,0.5083571,0.4544286,0.5383143,0.5148286,297.3885714,296.3885714,94.99285714,83.02,17.98857143,7.642857143,27.6,13.2,47.5,2
iq,2009,37,0.1896167,0.192,0.2368143,0.2696857,299.8557143,294.3142857,75.23285714,13.74,15.86571429,13.04285714,29.16666667,14.13333333,6.1,2
iq,2009,38,0.26632,0.3133667,0.1956571,0.3070714,299.47,294.6185714,78.11857143,40.17,16.20285714,11.6,28.85,12.75,0.8,2
iq,2009,39,0.2943143,0.2706714,0.3020714,0.2540143,299.3242857,295.8271429,83.76285714,78.68,17.38,11,28.86666667,13.3,8.1,0
iq,2009,4,0.1884571,0.1993143,0.2027,0.2139286,296.55,295.1371429,92.46714286,76.16,16.64142857,6.485714286,27.56666667,10.7,11.2,29
iq,2009,40,0.2063,0.2552571,0.2799571,0.2066571,298.0342857,296.3442857,91.57571429,57.18,17.94714286,8.514285714,27.95,12.225,33.1,2
iq,2009,41,0.2322714,0.2725,0.2715714,0.2853857,298.7071429,296.5614286,89.31,20.58,18.13428571,9.285714286,27.64,11.66,29.4,1
iq,2009,42,0.2974143,0.2821714,0.2559286,0.3197857,299.7371429,295.35,79.22285714,30.49,16.89571429,11.88571429,27.75,10.65,11.2,1
iq,2009,43,0.2968,0.3084857,0.3623,0.3616571,298.8557143,296.9185714,90.65714286,82.59,18.66142857,8.571428571,27.73333333,12.2,137.1,2
iq,2009,44,0.2907571,0.23795,0.3176857,0.2616,298.6785714,297.4428571,93.80857143,77.38,19.25428571,8.342857143,27.8,11.32,11.2,2
iq,2009,45,0.3886714,0.3728167,0.2499,0.3730143,299.1614286,297.14,90.37285714,45.79,18.93714286,10.18571429,29.86666667,12.73333333,3.5,3
iq,2009,46,0.3688714,0.3799571,0.3800286,0.4679286,300.3214286,296.9257143,84.31142857,96.23,18.66428571,10.45714286,28.94,11.96,88.2,9
iq,2009,47,0.40705,0.3351,0.3665,0.38935,300.4857143,296.1085714,80.78714286,29.72,17.80714286,11.92857143,28.9,12.33333333,39.1,5
iq,2009,48,0.3361143,0.2877667,0.3254571,0.3576,299.4557143,297.2257143,89.59428571,38.17,19.00142857,8.714285714,28.43333333,11.83333333,17,5
iq,2009,49,0.3485286,0.2904,0.4106143,0.3704571,298.7628571,296.97,91.70857143,73.45,18.67142857,7.757142857,28.025,10.375,49,4
iq,2009,5,0.1667333,0.1737333,0.1904333,0.1617167,297.4957143,296.5142857,94.92857143,118.54,18.13,8.142857143,27.65,11.65,67.8,35
iq,2009,50,0.1922,0.1935286,0.2398857,0.2858857,299.1985714,296.5957143,87.75285714,85.62,18.30428571,10.44285714,28.55,11,41.9,4
iq,2009,51,0.2176,0.2403,0.1817714,0.2623,298.3471429,296.9057143,92.95857143,81.21,18.60142857,6.671428571,28.2,11.125,54.1,1
iq,2009,52,0.2104222,0.2571375,0.2211333,0.3002556,297.1814286,296.5571429,96.88571429,98.79,18.18,5.257142857,27.2,8.2,31.2,0
iq,2009,6,0.2799143,0.2402857,0.1957286,0.3076571,297.4057143,296.84,97.00714286,149.06,18.48428571,5.185714286,27.46666667,12.33333333,44.1,30
iq,2009,7,0.1702714,0.1511143,0.1404714,0.1429714,297.3228571,296.1942857,94.23428571,60.51,17.76571429,7.171428571,28.1,12.33333333,14,20
iq,2009,8,0.1887857,0.1594571,0.1568714,0.2029857,297.6857143,296.2542857,92.90571429,124.8,17.85285714,6.828571429,27.7,12.54,111.4,21
iq,2009,9,0.28236,0.3051167,0.2940833,0.3160167,297.3914286,296.4942857,95.12142857,147.44,18.12857143,7.071428571,26.58,10.52,84.1,12
iq,2010,1,0.1245714,0.1791286,0.1638429,0.1354714,299.2642857,294.53,78.27142857,27.04,16.12714286,11.1,28.6,12.3,70.00814958,10
iq,2010,10,0.3117286,0.2926857,0.2725857,0.3948,298.8371429,298.1414286,96.25,57.78,20.09142857,8.814285714,28.55,10.05,44.5,12
iq,2010,11,0.2946,0.2509714,0.2814714,0.3416429,299.1914286,298.45,96.12428571,121.2,20.46142857,8.828571429,30,12,22.9,16
iq,2010,12,0.2662857,0.3012333,0.296,0.2957429,299.0042857,297.5557143,93.08285714,51.29,19.36857143,8.028571429,27.46666667,9.333333333,20,9
iq,2010,13,0.1414333,0.2047286,0.2509714,0.1452429,299.0028571,296.5685714,88.70714286,49.8,18.21428571,9.514285714,27.93333333,12.3,16,4
iq,2010,14,0.2428429,0.2727571,0.2022714,0.2601143,299.1157143,298.1614286,95.18285714,93.76,20.07857143,7.714285714,29.2,12.3,39.63954178,9
iq,2010,15,0.1576857,0.1566143,0.1840143,0.1358857,298.3057143,297.0028571,93.65571429,17.33,18.67714286,7.228571429,27.15,9.6,18,6
iq,2010,16,0.2314857,0.2946857,0.3316571,0.2444,298.4385714,297.6785714,95.99571429,86.7,19.44857143,7.757142857,27.85,9.6,51.1,8
iq,2010,17,0.2397429,0.2592714,0.3077857,0.3079429,299.0485714,296.4685714,87.65714286,26,18.06857143,8.257142857,28.85,12.125,35.4,4
iq,2010,18,0.2608143,0.2557857,0.2577714,0.3402857,297.6171429,296.9757143,96.71285714,73.97,18.60285714,5.714285714,27.6,9.6,8.1,2
iq,2010,19,0.1686857,0.1585,0.1330714,0.1456,297.2785714,296.7385714,97.44571429,59.4,18.39142857,6.185714286,27.4,10.4,32,7
iq,2010,2,0.1452857,0.1423143,0.1353,0.1675286,298.2971429,296.1471429,89.80714286,32.99,17.75857143,9.157142857,27.83333333,11.3,15,9
iq,2010,20,0.2630714,0.2725,0.2582714,0.2445,297.6485714,293.2271429,78.99857143,1.15,14.90857143,11.24285714,25.63333333,9.2,2.5,6
iq,2010,21,0.34275,0.3189,0.2563429,0.2925143,299.3342857,296.8257143,88.76571429,55.3,18.48571429,9.8,28.63333333,11.93333333,27,5
iq,2010,22,0.1601571,0.1603714,0.1360429,0.2256571,298.33,296.4528571,91.6,86.47,18.07,7.471428571,27.43333333,10.5,36.6,8
iq,2010,23,0.2470571,0.1460571,0.2503571,0.2337143,296.5985714,295.5014286,94.28,58.94,17.00857143,7.5,24.4,6.9,7.4,1
iq,2010,24,0.3339143,0.2457714,0.2788857,0.3254857,296.3457143,295.3242857,94.66,59.67,16.81571429,7.871428571,25.43333333,8.733333333,16,1
iq,2010,25,0.2981857,0.2329714,0.2742143,0.3157571,298.0971429,295.8071429,89.08285714,63.22,17.35571429,11.01428571,27.475,9.9,20.4,4
iq,2010,3,0.2521143,0.2304857,0.1873286,0.3027857,298.9257143,296.38,87.64142857,19.04,18.00142857,8.628571429,28.96666667,11.26666667,0.8,17
iq,2010,4,0.2632714,0.2306,0.2188714,0.2612857,298.2914286,296.56,91.79857143,138.51,18.19285714,7.685714286,27.8,10.52,166,16
iq,2010,5,0.1701,0.1421167,0.1179143,0.1393429,298.7542857,296.8371429,90.64857143,47.31,18.52285714,8.314285714,27.8,9.266666667,62.3,11
iq,2010,53,0.381660265,0.246051163,0.266881174,0.2946499,299.2801114,295.0294111,80.26256931,38.88410589,16.49923202,12.78417347,29.10491759,11.4429701,10.28569129,0
iq,2010,6,0.2307571,0.1892571,0.1634857,0.2388714,298.2514286,297.5685714,96.51571429,78.25,19.34571429,6.328571429,27,8.3,14.5,12
iq,2010,7,0.2933,0.2478286,0.2066286,0.2666714,299.6485714,297.09,88.36571429,32.19,18.85714286,9.414285714,27.3,11.8,60.9,19
iq,2010,8,0.3036571,0.2600571,0.2254857,0.3333143,298.9171429,297.9285714,94.91571429,84.67,19.77285714,8.171428571,28.02,10.36,29.9,15
iq,2010,9,0.1273167,0.18116,0.1204667,0.1427667,298.3371429,297.9171429,97.7,80.58,19.75428571,6.242857143,28.5,9.9,9.9,12